{
    "id": "sample-runninghub",
    "name": "RunningHub AI App",
    "description": "Custom RunningHub AI workflow integration for video generation",
    "version": "1.0.0",
    "author": "AIKAFLOW Developer",
    "icon": "clapperboard",
    "color": "purple",
    "category": "generation",
    "enabled": true,
    "homepage": "https://runninghub.ai",
    "requires": {
        "aikaflow": ">=1.0.0"
    },
    "nodes": [
        "runninghub-ai-app"
    ],
    "apiEndpoint": "https://www.runninghub.ai/task/openapi/ai-app/run",
    "settings": {
        "apiKey": "",
        "webappId": ""
    }
}
